Reference,Target,Method,RMSE,RRMS,Diff_mean,Diff_med,Diff_std,RMSE_band_0,RMSE_band_1,RMSE_band_2,RMSE_band_3,RMSE_band_4,RMSE_band_5,RMSE_band_6,RMSE_band_7,RMSE_band_8,RRMS_band_0,RRMS_band_1,RRMS_band_2,RRMS_band_3,RRMS_band_4,RRMS_band_5,RRMS_band_6,RRMS_band_7,RRMS_band_8,Diff_mean_band_0,Diff_mean_band_1,Diff_mean_band_2,Diff_mean_band_3,Diff_mean_band_4,Diff_mean_band_5,Diff_mean_band_6,Diff_mean_band_7,Diff_mean_band_8,Diff_med_band_0,Diff_med_band_1,Diff_med_band_2,Diff_med_band_3,Diff_med_band_4,Diff_med_band_5,Diff_med_band_6,Diff_med_band_7,Diff_med_band_8,Diff_std_band_0,Diff_std_band_1,Diff_std_band_2,Diff_std_band_3,Diff_std_band_4,Diff_std_band_5,Diff_std_band_6,Diff_std_band_7,Diff_std_band_8,Slope_band_0,Slope_band_1,Slope_band_2,Slope_band_3,Slope_band_4,Slope_band_5,Slope_band_6,Slope_band_7,Slope_band_8,Intercept_band_0,Intercept_band_1,Intercept_band_2,Intercept_band_3,Intercept_band_4,Intercept_band_5,Intercept_band_6,Intercept_band_7,Intercept_band_8,Rsquared_band_0,Rsquared_band_1,Rsquared_band_2,Rsquared_band_3,Rsquared_band_4,Rsquared_band_5,Rsquared_band_6,Rsquared_band_7,Rsquared_band_8
AER,MSI,Mélin & Sclep (2015),nan,nan,nan,nan,nan,nan,nan,nan,nan,,,,,,nan,nan,nan,nan,,,,,,nan,nan,nan,nan,,,,,,nan,nan,nan,nan,,,,,,nan,nan,nan,nan,,,,,,nan,nan,nan,nan,,,,,,nan,nan,nan,nan,,,,,,nan,nan,nan,nan,,,,,
AER,MSI,Spectral Matching,0.0012098506611921676,0.37303914566420987,7.028001709841192e-05,8.249655365943909e-06,0.0012107103830203414,0.0011714936040271473,0.0011851041976031432,0.0011318448899510993,0.0013509599531872805,,,,,,0.06388334367420913,0.04737524245330323,0.08076260403628778,0.26708345562480285,,,,,,0.00013167520228307694,9.429542842553928e-05,-0.00038366205990314484,-0.00012342864647507668,,,,,,1.2800097465515137e-05,2.8150039725005627e-05,-0.00011810008436441422,-9.83497011475265e-06,,,,,,0.0011640699813142419,0.0011813469463959336,0.0010648362804204226,0.0013453097781166434,,,,,,1.099457545450034,1.0361733694465318,0.9640883183519317,0.9117852360226547,,,,,,-0.0004319312824290697,-0.00019298890909349824,-1.9757208591269712e-05,0.00018132540229289385,,,,,,0.9853728192360894,0.9900308396969416,0.9955228303457483,0.963591612525435,,,,,
AER,MSI,Deep Neural Network,0.00025854961131136276,0.06000472188042233,4.6239532821346074e-05,2.6471097953617573e-06,0.0003521655162330717,8.652987163436284e-05,7.968891906875213e-05,0.0006728439060481455,0.00019513574849419063,,,,,,0.011076904810843037,0.009206024805032409,0.03299028535066239,0.11804612634750879,,,,,,-1.3694341760128736e-05,-1.5320063539547846e-05,-0.000171603518538177,1.565980346640572e-05,,,,,,-1.157016959041357e-05,-3.6746496334671974e-06,-1.544330734759569e-05,3.025765181519091e-05,,,,,,8.543935109628364e-05,7.820242899470031e-05,0.0006505929050035775,0.0001945063704624772,,,,,,0.993043873870109,0.9973230787488009,0.9749469946048398,0.9895263153811021,,,,,,2.6735609764896515e-05,6.232879626880128e-06,7.695461311484769e-05,5.038624150840217e-05,,,,,,0.9999249035453082,0.9999575151907957,0.9984036049406378,0.9992175673758383,,,,,
AER,MSI,Cubic Spline,0.0004850642732794472,0.6134151928312369,0.00019163871351796064,6.660016765150812e-05,0.0005132934020869178,9.809001704080398e-05,0.0004444942194697687,0.0007905985744907277,0.0006070742821164884,,,,,,0.016922518090061307,0.04473258477556535,0.051108713438597665,0.46831231176403637,,,,,,3.257701567523355e-05,-0.00016696659208576987,-0.00028640831661143855,-0.0003457569610498676,,,,,,7.1256351022266386e-06,-0.00011055010022409774,-7.4083171237762e-05,-0.00022624416664687123,,,,,,9.252237293087983e-05,0.00041194328283066233,0.0007368964528090583,0.000498990288375245,,,,,,0.9997754292800881,0.9759677461400404,0.9581139950590692,0.9455624076597618,,,,,,3.3871781878565786e-05,3.0171689557016365e-05,0.00013396319708436355,-0.00014558928482019283,,,,,,0.9998831919216083,0.9990233053455317,0.9984829434090746,0.9961213413453107,,,,,
AER,OLCI,Mélin & Sclep (2015),nan,nan,nan,nan,nan,nan,nan,nan,nan,nan,nan,nan,nan,nan,nan,nan,nan,nan,nan,nan,nan,nan,nan,nan,nan,nan,nan,nan,nan,nan,nan,nan,nan,nan,nan,nan,nan,nan,nan,nan,nan,nan,nan,nan,nan,nan,nan,nan,nan,nan,nan,nan,nan,nan,nan,nan,nan,nan,nan,nan,nan,nan,nan,nan,nan,nan,nan,nan,nan,nan,nan,nan,nan,nan,nan,nan,nan
AER,OLCI,Spectral Matching,0.0013788467054429892,0.5853883840532529,0.00011977351823588833,2.5599365471862257e-05,0.001419255044311285,0.0011932799151500434,0.0011982691983191444,0.0014593658679300015,0.0011232647489299707,0.0011413258999058138,0.002347607398365388,0.0013322674894417532,0.0012914692311486037,0.0013227705997961834,0.15183343144795564,0.06798152378782402,0.056911028582807416,0.06370992313562171,0.08278188251910376,0.26265014203360226,0.28360965095688595,0.27942262499624937,0.2954593838115483,0.0002292137360200286,0.00013527213013730943,0.00016383449838031083,-9.495578524365555e-06,-0.00038965255953371525,-0.0006508396472781897,-9.572248382028192e-05,-0.00018603781063575298,-0.00027453378424979746,3.8000289350748062e-06,1.7834972823038697e-05,3.3450196497142315e-05,1.7999904230237007e-05,-0.0001420000335201621,-8.684000204084441e-05,1.800006430130452e-06,-4.913401426165365e-05,-0.00010300998110324144,0.0011710585094988346,0.00119060929864645,0.0014501402620226145,0.0011232246179133654,0.0010727514745667577,0.0022555857431143522,0.0013288242043927312,0.0012779993703588843,0.0012939679436385632,1.1200247762816433,1.1074623356799298,1.0617574969717922,1.0087686549694208,0.9681913439385594,0.7994348941012,0.9141688740108836,0.8985730280135791,0.8903328464032203,-0.0003333941113142624,-0.0004642976470174793,-0.0003152377027815841,-8.321207879804192e-05,-6.237044651863019e-05,0.0003628159449714785,0.0001868812906692086,0.0001338081241459392,8.607474601173698e-05,0.9773725957722379,0.984710743782713,0.9855191453071587,0.9914269150459372,0.9954639649911423,0.9559862152508298,0.9619967990285426,0.9574114483444688,0.9575603469359635
AER,OLCI,Deep Neural Network,0.00040196666280048487,0.21436024793019898,0.0001028217448038049,1.5117693692445755e-06,0.0005935523076914251,1.0522935919670869e-05,1.668334316705811e-05,2.1982635972990346e-05,0.00037988867793626414,0.0007035606231904929,0.0014863114422438062,0.00015588516029112147,0.0002852855139677821,0.0005575796325151776,0.004891482493936643,0.002953473313230667,0.002739695269685476,0.0324193415599901,0.03074505237168664,0.282950650504666,0.10450220951255274,0.14635473236526722,0.24314883387421493,4.162111508776434e-06,1.917190957101411e-06,-2.3967656943568727e-06,-5.609915024251677e-05,-0.0001555576454848051,-0.000449788203695789,1.5240902939694934e-05,-6.496688001789153e-05,-0.00021790727623738348,2.8060749173164368e-06,5.569308996200562e-07,6.123445928096771e-07,7.958384230732918e-06,-4.9471273086965084e-05,-4.816717409994453e-05,1.3587079592980444e-05,-2.7231755666434765e-05,-0.00010920439672190696,9.664833669376094e-06,1.6572819731663913e-05,2.18515851884149e-05,0.0003757236700039357,0.0006861481815576553,0.0014166198670864105,0.0001551383174955845,0.00027778971707448363,0.0005132362130098045,1.0001137373975486,1.0003920126569315,0.9995555393808195,0.9855721877814283,0.9862943160796944,0.8608289471654129,1.000106141074763,0.9933762563717492,0.9719659511380008,3.6028822589118797e-06,-3.223268662585349e-07,1.1244758247059422e-06,6.586740939837875e-05,-1.7747392948803953e-05,0.00022560149594082202,1.4903163177182408e-05,-4.4880738335654514e-05,-0.00012731294450706162,0.9999981090743283,0.9999962525403536,0.9999964615419845,0.9991472908378187,0.9980239099690759,0.984210612666926,0.9994360992399395,0.997774444875662,0.9927544040367917
AER,OLCI,Cubic Spline,0.0015399551719704576,2.8576221992427437,0.00020547377733495873,3.2326395362004042e-06,0.0026746642272089524,1.3226246481052897e-05,1.4415720987132401e-05,5.784289963039412e-06,0.0005318782041311919,0.0005559460458354486,0.006853980097759852,0.0006449091321284127,0.001384183510175962,0.0038552733002720275,0.5918112405470215,0.0023846052881699486,0.0005510594263467692,0.054146339193981395,0.045918687446333296,1.0895214604616528,1.0601111383195907,16.48398970253791,51.50909668102991,-5.5060170413585615e-06,6.567101567887384e-07,-1.5058497897735765e-06,-0.00033654658692289485,-0.0001372504525883621,-0.0042632914973596775,-0.0004132485274054382,0.0008903442739864651,0.0024170839509496216,-3.2690130241132265e-06,-3.508526419666695e-07,7.566103044889978e-08,-0.00018931262975758817,-5.246624160823378e-06,-0.002430422175342401,-0.00029365542232643715,0.0005952636328941523,0.001478411235545236,1.2025696334010488e-05,1.4400754957599275e-05,5.584839011749342e-06,0.0004118626213440256,0.0005387377090424993,0.0053666925372177635,0.0004951095265694848,0.0010598353945885002,0.0030034708911278194,0.9989783730992927,0.9997199802180038,0.9998917824373669,0.9686605035654177,0.9746035699960798,0.5309220602311916,0.9330401782540452,1.1416813982244869,0.9835942728327499,-4.77346172427992e-07,2.2566664061593814e-06,-6.486487065613528e-07,-6.282828670274056e-05,0.0001176452845637957,-0.00019805092442046202,-0.00017151810890381853,0.000596061161300435,0.0024268713756607774,0.9999975853519708,0.9999971517256042,0.9999997682625068,0.9993697829627011,0.9990621360290172,0.9232070877595971,0.9968118353894162,0.9742977572843308,0.6910750664933564
AER,OLI,Mélin & Sclep (2015),nan,nan,nan,nan,nan,nan,nan,nan,nan,,,,,,nan,nan,nan,nan,,,,,,nan,nan,nan,nan,,,,,,nan,nan,nan,nan,,,,,,nan,nan,nan,nan,,,,,,nan,nan,nan,nan,,,,,,nan,nan,nan,nan,,,,,,nan,nan,nan,nan,,,,,
AER,OLI,Spectral Matching,0.0012756567914608558,0.34073531831680814,6.392023351509124e-05,2.0600127754732966e-06,0.001279605203308165,0.0011820527705035462,0.0012909455720784152,0.0011654204506653483,0.0014642083725961137,,,,,,0.0658072530825348,0.049957578328402,0.08093542494010168,0.2643021714787399,,,,,,0.00013185449643060565,0.00015264758258126676,-0.00039069782360456884,-0.00014948516036383808,,,,,,1.257998519577086e-05,4.4199987314641476e-05,-0.00010425003711134195,-9.459996363148093e-06,,,,,,0.001174675882793963,0.001281888922676444,0.0010979799553751945,0.0014565576566383243,,,,,,1.10338888286818,1.0571857310932538,0.9538702502553447,0.9032130255692492,,,,,,-0.00044866478632642724,-0.00027044537639542114,6.0811468961812984e-05,0.00021953705111714102,,,,,,0.9850454916228645,0.9874914354461088,0.995270345917945,0.9658228956112134,,,,,
AER,OLI,Deep Neural Network,0.00037819494807059956,0.09995976230844329,6.624168599955738e-05,2.278713509440422e-06,0.00048514996888116,4.443362362203361e-05,0.00018116615822887512,0.0008624758733514811,0.00042470413708000856,,,,,,0.0063453891492799685,0.01454213382678739,0.040296173897398396,0.39732547860507683,,,,,,-9.976154615287669e-06,1.8954058305098442e-06,-0.000271933909971267,1.5047916349431034e-05,,,,,,-5.934969522058964e-06,2.043088898062706e-06,-1.864373916760087e-05,3.700032539200038e-05,,,,,,4.329923103796318e-05,0.0001811562542570755,0.0008184844045899808,0.00042443748679943383,,,,,,0.9959982339972427,0.9922123432575881,0.9543621444163298,0.9814264077082883,,,,,,1.3061259040897215e-05,6.068726612322266e-05,0.0001693426430586821,8.280804617180962e-05,,,,,,0.9999821167052387,0.9997540151434021,0.9978705790880588,0.9968658044472066,,,,,
AER,OLI,Cubic Spline,0.001081611523931093,1.6900893296963166,0.0005377289372568221,0.00014092322442272502,0.001316197502034178,5.4723071252006314e-05,0.0004642938169748838,0.00134725654188036,0.0024601726656171227,,,,,,0.00965132030625894,0.048614480895822335,0.08309880808583482,0.5084350610718205,,,,,,1.8918511978928952e-05,-2.0227150159623164e-05,-0.0006535883531428568,-0.001496018757703737,,,,,,4.5735056436639414e-06,-4.267787617785474e-05,-0.0002769515525848066,-0.0009810092987818926,,,,,,5.1348850345020205e-05,0.00046385300567909117,0.0011781012071445452,0.0019530431181231577,,,,,,0.999914506686689,0.9841497481879552,0.9204871992234235,0.7686439839468714,,,,,,1.940818663152908e-05,9.978238021568584e-05,0.00014557307181488344,-0.00030239378707095504,,,,,,0.9999635013960215,0.9983134564771275,0.996937571723554,0.972428159121555,,,,,
AER,VI,Mélin & Sclep (2015),nan,nan,nan,nan,nan,nan,nan,nan,nan,nan,,,,,nan,nan,nan,nan,nan,,,,,nan,nan,nan,nan,nan,,,,,nan,nan,nan,nan,nan,,,,,nan,nan,nan,nan,nan,,,,,nan,nan,nan,nan,nan,,,,,nan,nan,nan,nan,nan,,,,,nan,nan,nan,nan,nan,,,,
AER,VI,Spectral Matching,0.0011806346924058465,0.34277666530556555,-8.345310925506055e-05,-1.219986006617546e-05,0.0011983468430116773,0.0012260364276774683,0.001175310545172754,0.0014436766089775785,0.0007758102830139755,0.001282339597187455,,,,,0.15109857290158585,0.06456633941556462,0.05829386063015966,0.06015430554120779,0.25528358141613994,,,,,0.0002958668046630919,0.00013731907529290766,0.00021602997730951756,-7.603449921589345e-05,-0.00015591586998198181,,,,,6.309989839792252e-05,1.7799902707338333e-05,6.684986874461174e-05,-3.3599790185689926e-05,-3.482999818515964e-05,,,,,0.0011898016091436148,0.0011672611581161618,0.0014274218119680882,0.0007720753783360124,0.0012728255242109299,,,,,1.1350830125688447,1.1020810054175179,1.066348128581779,1.0053226291231598,0.9074921046974038,,,,,-0.00032890578175982874,-0.0004385714677858279,-0.00028671463672913164,-0.0001286015998049391,0.00014759483599181746,,,,,0.9776247319485016,0.9853381760385063,0.9857313996262703,0.9972867755835384,0.9617315738667414,,,,
AER,VI,Deep Neural Network,0.00011928787423771489,0.04421765918363505,-1.5093346519279294e-05,-8.557042747270316e-06,0.0001240399433299899,0.00012429282844308125,5.689337302734352e-05,0.00010330246736574488,0.00015073142605313188,0.00016121927629927292,,,,,0.022608504207647574,0.008232998734419562,0.010543089329065175,0.00814445057821572,0.10253769101633493,,,,,8.077510574366897e-05,-1.5289519978978205e-06,2.431644134048838e-05,1.2743143997795414e-06,-2.9370185075094923e-05,,,,,5.304766818881035e-05,9.383074939250946e-07,1.775822602212429e-05,-6.974441930651665e-06,-2.000997483264655e-06,,,,,9.44673884077929e-05,5.6872828281484544e-05,0.00010039975313702598,0.0001507260458311066,0.00015852143405936658,,,,,1.0177266341911861,0.9963600116816513,0.9981880583031277,1.0011877715599513,0.9920557945613543,,,,,-5.024842028019533e-06,1.9512107648529155e-05,3.839348991588505e-05,-1.0363895418308289e-05,-4.311208737230957e-06,,,,,0.9999695409819541,0.9999622333143557,0.9999222532526896,0.9998969019601398,0.9993750657717299,,,,
AER,VI,Cubic Spline,0.0002101732731515195,0.32436509915409634,-6.484617699374743e-05,2.5693295432275675e-06,0.0002751310293357327,6.363477367894503e-05,9.017985842053113e-05,0.00014620726177513928,0.00017039969485161205,0.0005804447770313701,,,,,0.019067927688052683,0.014288570940661228,0.013934832574316408,0.015266982063539929,5.904612623261579,,,,,-1.0060882162477761e-05,3.20861959681251e-06,1.9534672410863737e-05,-8.051831953498342e-05,0.0003920667946585221,,,,,-5.738038206519903e-06,-7.798701424740714e-06,-1.1251581044083823e-05,-2.9750826396173977e-05,0.00026885540733325407,,,,,6.28344099302547e-05,9.012275864081163e-05,0.00014489637666133804,0.00015017608406395742,0.00042801841982464863,,,,,0.9932916771398617,0.9946464775084202,0.9983322225906638,0.9884993464303006,1.0686715202012873,,,,,2.301824608922417e-05,3.412857430833312e-05,3.2499876151221956e-05,3.311666585788589e-05,0.00020439192662814482,,,,,0.9999422194983334,0.9999028883771608,0.9998360250827233,0.9999646346478456,0.9972615260209121,,,,
MSI,OLI,Mélin & Sclep (2015),nan,nan,nan,nan,nan,nan,nan,nan,nan,,,,,,nan,nan,nan,nan,,,,,,nan,nan,nan,nan,,,,,,nan,nan,nan,nan,,,,,,nan,nan,nan,nan,,,,,,nan,nan,nan,nan,,,,,,nan,nan,nan,nan,,,,,,nan,nan,nan,nan,,,,,
MSI,OLI,Spectral Matching,0.0005240831234306014,0.06982895695008709,-3.980081146437442e-06,1.0899966582655907e-05,0.0006312177865765989,6.43391348940299e-05,0.0010532424010292135,0.00046319284501879736,0.0005155581127803649,,,,,,0.010006591537858663,0.11759607298475316,0.03418772636973686,0.09058382665157806,,,,,,-6.33671561445226e-06,6.379424303304404e-05,-0.00027952491655014455,0.00023798774054739624,,,,,,-5.449983291327953e-06,-3.195006866008043e-05,-0.00015090033411979675,5.484498979058117e-05,,,,,,6.402632425306365e-05,0.001051308587193489,0.0003693418693728745,0.0004573423066176474,,,,,,1.0025835672812964,1.043030770301214,0.9739151429825993,1.080815852965994,,,,,,-2.1200238309734658e-05,-0.0002583955710808838,-2.7110845911004766e-05,-3.882682059467169e-05,,,,,,0.999946568237706,0.9914800246250751,0.9996934292383889,0.9989491635838397,,,,,
MSI,OLI,Deep Neural Network,0.0001694448070165986,0.07350731546807827,2.1953830582788214e-05,-3.3993273973464966e-08,0.00018976267892867327,3.069341529953957e-05,0.00016011280437125565,0.00026370827422210556,0.00022326473417349368,,,,,,0.005261127418086365,0.015090039788418688,0.016100204464526865,0.1091904829348759,,,,,,2.1451132852234878e-06,-3.3961638109758496e-05,-4.590125899994746e-05,-1.009753395919688e-05,,,,,,3.6507844924926758e-06,-1.8825288861989975e-05,-8.343486115336418e-06,6.962582119740546e-06,,,,,,3.061836468987167e-05,0.00015646954125259072,0.0002596827398519963,0.0002230362588306889,,,,,,0.9999769723755736,0.9923094555427597,0.9872926209566573,0.9934394204791307,,,,,,2.2775864433324453e-06,2.437304208729226e-05,7.409514793278553e-05,1.400180138038179e-05,,,,,,0.999987021985122,0.9998235506145311,0.9997540298508923,0.9991081193011356,,,,,
MSI,OLI,Cubic Spline,0.0006256153690571566,0.3530374761614311,0.0003210711549810676,1.840067575825167e-05,0.0008273785216659928,4.749191529315162e-05,0.000203517280523622,0.000590761577022292,0.0016606907033895608,,,,,,0.009155815157602224,0.026189366013162543,0.03819261669146063,2.7172509088755628,,,,,,-1.5115669910896663e-05,0.0001149976970838444,-0.0003588504213327729,-0.0010253162257644454,,,,,,-1.6942845230706865e-06,6.086889129200369e-05,-0.00020412470200983565,-0.0006615299784322997,,,,,,4.5022200538808646e-05,0.00016791311186784377,0.000469282021811146,0.0013063767639960022,,,,,,0.9999148040902031,1.0116447291204822,0.9623055535923062,0.8232775184580573,,,,,,-1.4624799166211913e-05,2.8405048467930634e-05,8.89606233569519e-06,-0.00019674332571108016,,,,,,0.9999719421933615,0.9998284519189863,0.9996931191183946,0.9912691155330807,,,,,
OLCI,MSI,Mélin & Sclep (2015),nan,nan,nan,nan,nan,nan,nan,nan,nan,,,,,,nan,nan,nan,nan,,,,,,nan,nan,nan,nan,,,,,,nan,nan,nan,nan,,,,,,nan,nan,nan,nan,,,,,,nan,nan,nan,nan,,,,,,nan,nan,nan,nan,,,,,,nan,nan,nan,nan,,,,,
OLCI,MSI,Spectral Matching,0.00015787032642657748,0.021859797741663616,1.5910940419416875e-05,1.2650125427171588e-06,0.00018472799274604768,9.234627463308803e-05,0.00032542248512207594,0.00011795105233528056,9.576149361586542e-05,,,,,,0.011578308159602747,0.022413530283912013,0.009223487170918868,0.0356542299740701,,,,,,-1.08934482341283e-05,-3.364295480423607e-05,-5.7589891184761655e-06,-1.3348371794563718e-05,,,,,,-5.700159817934036e-06,8.020084351301193e-06,9.299837984144688e-06,-6.639995262958109e-06,,,,,,9.170151315629482e-05,0.0003236787742935121,0.00011781037756009027,9.482660243520513e-05,,,,,,0.9910915720962732,0.9801146784590867,0.9943694711854204,0.9985002134185673,,,,,,4.0859197060805034e-05,0.00012682630324260466,4.916811913810264e-05,-8.332452096867105e-06,,,,,,0.9999256250997124,0.9994159005409685,0.9999529323166944,0.999801919016957,,,,,
OLCI,MSI,Deep Neural Network,8.46068416602703e-05,0.025002085796159455,-1.3979845334688434e-06,-1.3568205758929253e-07,8.797119517112151e-05,5.49885819417046e-05,9.213833206817903e-05,0.00011965432765145042,7.164612497974712e-05,,,,,,0.008549941240616662,0.009758956316078026,0.013849529904120183,0.04540622345496319,,,,,,-1.926714503497351e-05,-1.6095602404675446e-05,2.2805577827966772e-05,1.8149105017073452e-05,,,,,,-1.1325464583933353e-05,-1.3458775356411934e-06,1.3379671145230532e-05,5.8739096857607365e-06,,,,,,5.1502633141353726e-05,9.072157263290137e-05,0.00011746090603992343,6.930928066140041e-05,,,,,,0.9955197648988724,0.9947298653623219,1.002740732300124,1.0032015013620652,,,,,,6.797224861483826e-06,2.633941512660519e-05,-3.854427825031662e-06,7.5419964462599375e-06,,,,,,0.9999739260858618,0.999952009898429,0.9999410103868381,0.9998986746790328,,,,,
OLCI,MSI,Cubic Spline,0.00023230264333164624,0.040326844150517585,1.0227572042919952e-05,-2.5006373695760694e-06,0.00025914627942008383,7.934705405345356e-05,0.00039264068044599196,0.00027364789556365103,0.00018357494326348846,,,,,,0.013137288709854322,0.03816505994298531,0.016817355644486293,0.07634964053747847,,,,,,2.2707518507737314e-05,-3.577317406011207e-05,-0.00015131849967577076,0.00012347386705646572,,,,,,4.826650662088537e-06,-5.967571355778591e-05,-8.2301594951924e-05,7.483903899416065e-05,,,,,,7.602843935122204e-05,0.00039100765204629496,0.00022800412803782445,0.0001358453677837976,,,,,,0.9989256410066586,0.9884452166009263,0.983329048112292,1.023056681792652,,,,,,2.8912687686928965e-05,5.749511275588565e-05,1.3740145834703621e-05,4.951292880039319e-05,,,,,,0.9999216892135169,0.9989154712805131,0.9999073484394531,0.9998450840285387,,,,,
OLCI,OLI,Mélin & Sclep (2015),nan,nan,nan,nan,nan,nan,nan,nan,nan,,,,,,nan,nan,nan,nan,,,,,,nan,nan,nan,nan,,,,,,nan,nan,nan,nan,,,,,,nan,nan,nan,nan,,,,,,nan,nan,nan,nan,,,,,,nan,nan,nan,nan,,,,,,nan,nan,nan,nan,,,,,
OLCI,OLI,Spectral Matching,0.0001824069206496279,0.03125532484881741,6.519312591990456e-06,2.4994369596242905e-07,0.0002038148231804371,4.5648570928543605e-05,0.00017613845213681112,0.0003001387493217258,0.00020770191021143107,,,,,,0.006072973186595391,0.01689001574975716,0.022011972723555987,0.06340139780519309,,,,,,-6.741620836692164e-06,-1.215165411849739e-06,-1.830612927733455e-05,1.8566581161394424e-07,,,,,,-4.699977580457926e-06,8.950184565037489e-06,1.6999896615743637e-05,-9.200011845678091e-07,,,,,,4.514801184996031e-05,0.00017613427189644426,0.00029957995866425335,0.00020770184346474707,,,,,,0.9955837960243291,0.992556967572295,0.9850346570970853,0.9973842278357766,,,,,,1.866680567386928e-05,5.499765767779004e-05,0.00012259839574449774,9.7675055441733e-06,,,,,,0.999981619511985,0.9997664656939932,0.999677782712701,0.99921113318779,,,,,
OLCI,OLI,Deep Neural Network,0.00016891215106232106,0.042658128786544056,-2.496894921932835e-07,3.961613401770592e-07,0.00019184511620551348,3.7475813093819877e-05,0.00013245630702142397,0.00023880934729302773,0.0002669071368410126,,,,,,0.004441085072257589,0.011268651235184857,0.022617801720097756,0.09753053679842588,,,,,,-8.855662599671632e-06,-3.5411059798207134e-05,3.2407508115284145e-05,1.2857964975410141e-05,,,,,,-5.143112502992153e-06,-2.5943154469132423e-06,-7.651862688362598e-06,2.8885355277452618e-05,,,,,,3.641447619884275e-05,0.00012763513950631022,0.00023660020087845623,0.00026659725699573755,,,,,,0.9969287239142481,0.9909956402193794,1.0049415066982073,0.9912450164949553,,,,,,8.821611880509804e-06,3.2901559158709896e-05,-1.3868661552224673e-05,4.481730811946739e-05,,,,,,0.9999863883898779,0.9999038917534994,0.9997391620837124,0.9987332856316475,,,,,
OLCI,OLI,Cubic Spline,0.00042093107006933156,0.10221291408030628,7.487815055941305e-05,-8.588644661142088e-07,0.0004905138296713503,4.094192806261553e-05,0.0004901873735140334,0.0007745961568082068,0.0003779988218924703,,,,,,0.0072852811684272515,0.04953467249179842,0.04924261511778967,0.3969322425692213,,,,,,1.5802990671417803e-05,-0.00012013971106253037,-0.0004581657455470621,0.00026298986370052244,,,,,,4.51952531283059e-06,-7.987616587229593e-05,-0.0002531536728913879,0.0001871275512964199,,,,,,3.7769127065944576e-05,0.00047523689984932594,0.0006245665342854586,0.00027151324266576045,,,,,,0.9998951658354002,0.9742846124631442,0.9518638889821014,1.031406845629347,,,,,,1.640377332073461e-05,7.713247790252543e-05,1.6230181046001865e-05,0.00015619906660568894,,,,,,0.9999802572491667,0.9984414974044125,0.9993753288859584,0.9991090106102871,,,,,
OLCI,VI,Mélin & Sclep (2015),nan,nan,nan,nan,nan,nan,nan,nan,nan,nan,,,,,nan,nan,nan,nan,nan,,,,,nan,nan,nan,nan,nan,,,,,nan,nan,nan,nan,nan,,,,,nan,nan,nan,nan,nan,,,,,nan,nan,nan,nan,nan,,,,,nan,nan,nan,nan,nan,,,,,nan,nan,nan,nan,nan,,,,
OLCI,VI,Spectral Matching,0.00018331713290344306,0.03203384800295497,-6.884325557621196e-05,-2.4339999072253704e-05,0.0002280696644447744,0.00010322843920419444,6.523937691523396e-05,0.00010486499690809582,0.0004812819478538648,0.0001619709036358263,,,,,0.04311333249261785,0.008737904455204346,0.011594693114130365,0.037331244118417165,0.06322300962408876,,,,,6.986776133999228e-05,-1.8704000694924616e-06,4.444080332177691e-05,0.00017697458679322153,5.4803524108137935e-05,,,,,4.989979788661003e-05,-2.00001522898674e-07,2.7250265702605247e-05,6.484996993094683e-05,1.3899989426136017e-05,,,,,7.599083619425073e-05,6.521255272673443e-05,9.498254075879231e-05,0.00044756263378076255,0.00015241766232065856,,,,,1.014137443019742,0.99421387719537,1.0018902865931159,1.0170308166342776,1.014815365889383,,,,,1.2856758028652326e-06,3.157769930621328e-05,2.979310060060962e-05,1.3083305469594603e-05,9.317566738667286e-06,,,,,0.9999793029670158,0.9999585056436981,0.9999307223924101,0.999224496340462,0.9994991755560915,,,,
OLCI,VI,Deep Neural Network,0.00011022973815060849,0.019593561136877054,-2.450850843160879e-05,-1.1989148333668709e-05,0.0001457800972275436,9.360243843622159e-05,4.798142204639021e-05,7.84594150239631e-05,0.00030198511955142665,2.9120295695040894e-05,,,,,0.017967991903629243,0.005771500496974929,0.009955409797560367,0.02907493988893292,0.027361959541878082,,,,,6.038815627107397e-05,-1.875427369668614e-05,2.7156926080351695e-05,3.9014477806631476e-05,1.4737256606167648e-05,,,,,4.4096377678215504e-05,-8.688191883265972e-06,2.4554901756346226e-05,-2.3489934392273426e-05,1.2660137144848704e-05,,,,,7.151703903218731e-05,4.41643969679717e-05,7.360965537372977e-05,0.0002994542883243412,2.5115828975685872e-05,,,,,1.0123204830289885,0.9952585341086367,1.0000428272584925,1.0078630933475692,1.0011033419381508,,,,,5.036711956630732e-07,8.734503473209997e-06,2.6824759476012407e-05,-3.773808798703503e-05,1.1305562981716883e-05,,,,,0.9999696653475424,0.9999845499971819,0.9999573248112074,0.9996206381545958,0.999984120762543,,,,
OLCI,VI,Cubic Spline,0.0001523104636969301,0.041139927972181474,3.0823985639756295e-05,3.547108046189412e-06,0.00018652229501780982,6.121177725193246e-05,7.861899752995717e-05,0.00014596658434086314,0.00036883159431149327,0.0001069233650504045,,,,,0.02479540704060147,0.01081597724873882,0.013871143750874983,0.043695043621200295,0.09575769527389626,,,,,6.9970106490071855e-06,-8.383590139110914e-06,-3.0278674675807118e-05,-0.0001984396381105444,7.598496407767374e-05,,,,,2.90876745085507e-06,-1.1232603155467537e-05,-3.3561585078530206e-05,-0.00013715741538864118,4.453144021475516e-05,,,,,6.081055431681145e-05,7.817072462882005e-05,0.00014279161601443886,0.0003108994290585207,7.522560220973106e-05,,,,,0.9960994604483966,0.9935822521230985,0.9933313194775414,0.9834880289329448,1.0132168001190534,,,,,2.6164345603059587e-05,2.8757314867692597e-05,2.189505556892367e-05,-3.334216006382722e-05,3.568666051858259e-05,,,,,0.9999321888982919,0.9999369022486844,0.9998619320812864,0.9996991921282633,0.9999371672078233,,,,
OLI,MSI,Mélin & Sclep (2015),nan,nan,nan,nan,nan,nan,nan,nan,nan,,,,,,nan,nan,nan,nan,,,,,,nan,nan,nan,nan,,,,,,nan,nan,nan,nan,,,,,,nan,nan,nan,nan,,,,,,nan,nan,nan,nan,,,,,,nan,nan,nan,nan,,,,,,nan,nan,nan,nan,,,,,
OLI,MSI,Spectral Matching,0.00019259821287156124,0.039127473142016284,2.910706143666175e-06,3.2999087125062943e-06,0.00021546264179050922,4.7335139916754005e-05,0.0002549166553166518,0.0003008887927086773,0.0001672522635441618,,,,,,0.00573284370145286,0.019199930308341693,0.015335158921998044,0.06668550663156851,,,,,,-7.079865099512972e-06,-2.2408576114685275e-05,3.882173041347414e-05,-2.0976107407477684e-05,,,,,,-1.6997801139950752e-06,1.4699995517730713e-05,-7.050053682178259e-06,-1.1344978702254593e-05,,,,,,4.680268466472626e-05,0.0002539298147894442,0.0002983738377224654,0.00016593167674727738,,,,,,0.9953056039050987,0.983806285776294,1.0135566430765535,1.0031347852629513,,,,,,2.0173235441072086e-05,0.00010808842964206596,-9.282648893691944e-05,-3.148494243936659e-05,,,,,,0.9999812279123921,0.9996494056059634,0.9996846186889046,0.999394786846654,,,,,
OLI,MSI,Deep Neural Network,0.0001940653187832652,0.07307979382576567,-1.8096559870173223e-05,2.2695749066770077e-06,0.00022424735652748495,7.798870603228323e-05,0.00014359774569453848,0.00038203411893598927,0.00017264070447024988,,,,,,0.0052695374242356366,0.017240301355067822,0.025050138416932207,1.4851569274547622,,,,,,5.871543635294074e-06,6.4694681896071415e-06,6.185368692968041e-05,-1.8084573412124882e-06,,,,,,-2.2354070097208023e-06,6.934860721230507e-06,-1.5325378626585007e-05,-1.9694416550919414e-06,,,,,,7.776737038511783e-05,0.0001434519508620724,0.00037699361564591527,0.0001726312329992652,,,,,,1.005208541861857,0.9994002210382164,1.0218945008825735,1.0031208512726766,,,,,,-2.4299537587773104e-05,1.128499680492015e-05,-0.00015025752333667,-1.2210162801931136e-05,,,,,,0.9999308841662523,0.9998450937887817,0.9995831359716402,0.9993444668379673,,,,,
OLI,MSI,Cubic Spline,0.0006215587922476549,0.5658706032071769,-0.00032713750764971347,-1.8651492101606055e-05,0.0008420104849538605,3.9302229402607734e-05,0.0001699941315409317,0.0005721944774444941,0.001704744330602586,,,,,,0.007105976647648009,0.021161400180527437,0.038795420054742374,6.548539464192186,,,,,,7.644035684853508e-06,-8.552021726232115e-05,0.00034694826262925756,0.001039477949547064,,,,,,-1.5794563213474954e-07,-4.09645363752605e-05,0.00019667755812184272,0.0006987226239234334,,,,,,3.855170494885914e-05,0.00014691595283617429,0.0004550092560338936,0.0013511620277106258,,,,,,0.9991837035448257,0.9918789379373663,1.0373352443442674,1.2169904444657162,,,,,,1.2370989759437866e-05,-1.9564649479594798e-05,-4.106075953762625e-06,0.0005421837102697179,,,,,,0.99998005037398,0.9998708470416369,0.9997060767375469,0.9743190970984779,,,,,
VI,MSI,Mélin & Sclep (2015),nan,nan,nan,nan,nan,nan,nan,nan,nan,,,,,,nan,nan,nan,nan,,,,,,nan,nan,nan,nan,,,,,,nan,nan,nan,nan,,,,,,nan,nan,nan,nan,,,,,,nan,nan,nan,nan,,,,,,nan,nan,nan,nan,,,,,,nan,nan,nan,nan,,,,,
VI,MSI,Spectral Matching,0.0005881181882215325,0.08212578526031467,-0.00017367640975862741,-1.5900004655122757e-05,0.0006749270833097398,5.141722053745535e-05,0.0010403738852685792,0.0008079353116505353,0.0004527463354295605,,,,,,0.005536969677611048,0.12348029083058604,0.07686671292309408,0.07402728820588549,,,,,,2.7761812816606835e-05,0.00034583304659463465,0.0001515612966613844,0.00016954945749603212,,,,,,1.7149955965578556e-05,0.00017064984422177076,-7.190002361312509e-05,-8.002971298992634e-06,,,,,,4.3278312659822404e-05,0.0009812121279537678,0.000793592247646302,0.00041980022797361016,,,,,,1.0061650228076875,1.0479194473359612,1.0258421127780635,1.088036635314767,,,,,,-7.815303402009671e-06,-2.268329231693879e-05,-9.647532540282486e-05,-0.00010879696689756633,,,,,,0.9999932096846885,0.9937577845486345,0.9974493489953821,0.9993653012710431,,,,,
VI,MSI,Deep Neural Network,0.0002745151286323221,0.08758032381698704,2.8982887670281343e-05,6.709880835842341e-06,0.00033244461519643664,4.3354989311910156e-05,0.0002344029329680397,0.0005716523595212072,0.0002486502327281314,,,,,,0.0043260050386513945,0.023365598398969987,0.04581765665144494,0.11528685554687004,,,,,,-1.6449424947495572e-05,-6.38210549368523e-05,-8.53091332828626e-05,4.964806794305332e-05,,,,,,-7.899594493210316e-06,-1.0788440704345703e-05,-4.115235060453415e-05,2.383801620453596e-05,,,,,,4.0113231079885736e-05,0.0002255473518744111,0.0005652510444633663,0.00024364319688174874,,,,,,0.9945526416753296,0.9844703550279073,0.9922731539860332,1.003412054397109,,,,,,1.5226537362042145e-05,6.196791900854766e-05,-9.31654025550406e-06,3.845108060196011e-05,,,,,,0.999993040064586,0.9997409653396302,0.9985767032396935,0.9986899453280325,,,,,
VI,MSI,Cubic Spline,0.0005668170463677167,0.5841809119018571,0.0002107211163421936,-3.5525982884780953e-06,0.0006407142539844377,4.767812541282128e-05,0.0004589090342963057,0.0007118130167786247,0.0010488680089831151,,,,,,0.0060112763138637365,0.04994508899209013,0.10509452430708228,5.962957037269685,,,,,,2.9405643393332566e-05,-0.00019890423495075378,-0.00012218541247867808,-0.0005512004613326751,,,,,,1.8021431771293207e-05,-8.935878010849722e-05,2.9820539655256526e-05,-0.00037296413564302214,,,,,,3.753014494382977e-05,0.0004135633048003935,0.0007012478134246849,0.0008923576366540773,,,,,,1.0051328485538655,0.9745182446663229,0.966073353728945,0.8686947890612384,,,,,,-2.0624632984887065e-07,1.0938296318952281e-05,0.00021273364979756612,-4.1413683673565804e-05,,,,,,0.9999938162622102,0.999051888040733,0.9983777908249633,0.9936184527431962,,,,,
VI,OLI,Mélin & Sclep (2015),nan,nan,nan,nan,nan,nan,nan,nan,nan,,,,,,nan,nan,nan,nan,,,,,,nan,nan,nan,nan,,,,,,nan,nan,nan,nan,,,,,,nan,nan,nan,nan,,,,,,nan,nan,nan,nan,,,,,,nan,nan,nan,nan,,,,,,nan,nan,nan,nan,,,,,
VI,OLI,Spectral Matching,0.0005703241025286376,0.08343273960510192,-2.4328821382368915e-05,4.354992415755987e-05,0.000699578202329576,6.489018230879363e-05,0.00030365333417784406,0.000825459765240251,0.0010872931283876614,,,,,,0.009680228951754308,0.0313067628500036,0.09177314167424788,0.13759354963597756,,,,,,-2.727000173763372e-05,-0.0001902337244246155,-0.00018551417451817542,0.0005003332626074553,,,,,,-1.591493492014706e-05,-0.00014124996960163116,-0.00023369991686195135,7.399496098514646e-05,,,,,,5.888194209546782e-05,0.00023667798086535186,0.0008043434354476631,0.000965335697401315,,,,,,0.9945452423277751,0.9771396033760361,1.0007361821875222,1.2075895537872072,,,,,,4.225893354781705e-06,-1.3260614586161658e-05,-0.00019256844853379404,-0.00015625245913919537,,,,,,0.999967042239906,0.9998011690591311,0.9968414696838094,0.9975937377965058,,,,,
VI,OLI,Deep Neural Network,0.0003428404187720106,0.11618068846342626,3.99287928303238e-05,1.0005278454627842e-06,0.0004527291457634419,1.4531788288317434e-05,0.00015966472325436025,0.0008034309920778427,0.00039373417146752195,,,,,,0.002277092201330624,0.013508748452652193,0.04724238884613093,0.45468818756261276,,,,,,1.2187187792278564e-07,-2.484928336343728e-05,-0.00017721870972309262,4.223091673338786e-05,,,,,,-2.6082852855324745e-07,-4.2817555367946625e-07,-4.671409260481596e-05,1.9429528038017452e-05,,,,,,1.453127697459422e-05,0.0001577191724209115,0.0007836420554667711,0.00039146284689195454,,,,,,1.0010138106814557,0.9868515652253977,0.9731715214214353,1.0020356127047951,,,,,,-5.704468631325191e-06,7.476438851290127e-05,7.964600783099372e-05,3.486032310262219e-05,,,,,,0.9999975896642763,0.9998789641625795,0.9973810210132514,0.9971847653036797,,,,,
VI,OLI,Cubic Spline,0.0010812182618838344,1.2404355157644005,0.0004826523264664131,2.2503883738635762e-05,0.0014364492288262561,4.650477226725802e-05,0.00030559346772893935,0.0012123270947868355,0.0027604477127523047,,,,,,0.005759822584473081,0.03260116488842168,0.1333229512189972,5.159156474474344,,,,,,1.5897705532159666e-05,-3.6052432730515246e-05,-0.0004777196514972438,-0.0014327349271700532,,,,,,1.1714404609451754e-05,-3.1790292276882024e-05,-0.00016607965699059557,-0.0008923191750679134,,,,,,4.3703052552908366e-05,0.0003034593706129537,0.0011142355762259794,0.0023595216047551785,,,,,,1.0050350935466124,0.9879557360138363,0.9276591046669367,0.711946104270298,,,,,,-1.2957753807563317e-05,5.53308602164607e-05,0.00023663639418776417,3.517972428982406e-05,,,,,,0.9999861081868439,0.9992974124423966,0.9969654731073999,0.9753538570259905,,,,,
